trial_id,trial_type,block_ID,stim_type,a_stim,b_stim,x_stim,matched_label,unmatched_label,a_audio,matched_audio,matched_audio_also,unmatched_audio,unmatched_audio_called,force_matched
v1,experimental,1,vehicles,aerodyne.png,sikorsky_x.png,altima_treads.png,sarn,deld,called_sarn.wav,sarn.wav,also_sarn.wav,deld.wav,called_deld.wav,FALSE
v2,experimental,1,vehicles,japanese_flying_car.png,p791.png,reliant_robin.png,coodle,gasser,called_coodle.wav,coodle.wav,also_coodle.wav,gasser.wav,called_gasser.wav,FALSE
v3,experimental,1,vehicles,flying_car.png,white_knight.png,pea_car.png,hux,jang,called_hux.wav,hux.wav,also_hux.wav,jang.wav,called_jang.wav,FALSE
i1,experimental,2,instruments,balalaika.png,dulcimer.png,tongue_drum.png,keeta,lorp,called_keeta.wav,keeta.wav,also_keeta.wav,lorp.wav,called_lorp.wav,FALSE
i2,experimental,2,instruments,kalimba.png,nyckelharpa.png,didgeridoo.png,manu,osip,called_manu.wav,manu.wav,also_manu.wav,osip.wav,called_osip.wav,FALSE
i3,experimental,2,instruments,erhu.png,khaen.png,handpan.png,pafe,regli,called_pafe.wav,pafe.wav,also_pafe.wav,regli.wav,called_regli.wav,FALSE
f1,experimental,3,fruits,buddhas_hand.png,starfruit.png,rambutan.png,sibu,tever,called_sibu.wav,sibu.wav,also_sibu.wav,tever.wav,called_tever.wav,FALSE
f2,experimental,3,fruits,ackee.png,mangosteen.png,salak.png,vab,tunk,called_vab.wav,vab.wav,also_vab.wav,tunk.wav,called_tunk.wav,FALSE
f3,experimental,3,fruits,hala_fruit.png,kiwano.png,miracle_berry.png,wiso,yok,called_wiso.wav,wiso.wav,also_wiso.wav,yok.wav,called_yok.wav,FALSE
a1,experimental,4,animals,bilby.png,mole.png,tapir.png,roke,chatten,called_roke.wav,roke.wav,also_roke.wav,chatten.wav,called_chatten.wav,FALSE
a2,experimental,4,animals,zebra_duiker.png,saiga.png,box_turtle.png,erag,dunch,called_erag.wav,erag.wav,also_erag.wav,dunch.wav,called_dunch.wav,FALSE
a3,experimental,4,animals,quokka.png,tarseier.png,pangolin.png,boskot,juss,called_boskot.wav,boskot.wav,also_boskot.wav,juss.wav,called_juss.wav,FALSE